{"minzoom":0,"maxzoom":8,"center":[-11.953125,-37.15824,8.0],"bounds":[-12.712878,-40.370632,-9.870827,-37.061539]}