{"minzoom":0,"maxzoom":9,"center":[-12.304687,-37.061539,9.0],"bounds":[-12.712878,-40.370632,-9.870827,-37.061539]}